	Dog_1	Dog_2	Dog_3	Dog_4	Dog_5	Patient_1	Patient_2	all
8aeae6eab0f775c1b9e5db4585051c2c	0.825752066116	0.955246603758	0.846219008264	0.762849244674	0.864909090909	0.934394853513	0.47597107438	0.863060907729
